name	probe_name	x	y	z	hemisphere	impedance	shank_id	location
e000	NeuropixelsImec0	3.4	-0.758	-2.16	n/a	n/a	NeuropixelsImec0	prelimbic cortex (PrL)
e001	NeuropixelsImec0	3.4	-0.726	-2.16	n/a	n/a	NeuropixelsImec0	prelimbic cortex (PrL)
e002	NeuropixelsImec0	3.4	-0.774	-2.14	n/a	n/a	NeuropixelsImec0	prelimbic cortex (PrL)
e003	NeuropixelsImec0	3.4	-0.742	-2.14	n/a	n/a	NeuropixelsImec0	prelimbic cortex (PrL)
e004	NeuropixelsImec0	3.4	-0.758	-2.12	n/a	n/a	NeuropixelsImec0	prelimbic cortex (PrL)
e005	NeuropixelsImec0	3.4	-0.726	-2.12	n/a	n/a	NeuropixelsImec0	prelimbic cortex (PrL)
e006	NeuropixelsImec0	3.4	-0.774	-2.1	n/a	n/a	NeuropixelsImec0	prelimbic cortex (PrL)
e007	NeuropixelsImec0	3.4	-0.742	-2.1	n/a	n/a	NeuropixelsImec0	prelimbic cortex (PrL)
e008	NeuropixelsImec0	3.4	-0.758	-2.08	n/a	n/a	NeuropixelsImec0	prelimbic cortex (PrL)
e009	NeuropixelsImec0	3.4	-0.726	-2.08	n/a	n/a	NeuropixelsImec0	prelimbic cortex (PrL)
e010	NeuropixelsImec0	3.4	-0.774	-2.06	n/a	n/a	NeuropixelsImec0	prelimbic cortex (PrL)
e011	NeuropixelsImec0	3.4	-0.742	-2.06	n/a	n/a	NeuropixelsImec0	prelimbic cortex (PrL)
e012	NeuropixelsImec0	3.4	-0.758	-2.04	n/a	n/a	NeuropixelsImec0	prelimbic cortex (PrL)
e013	NeuropixelsImec0	3.4	-0.726	-2.04	n/a	n/a	NeuropixelsImec0	prelimbic cortex (PrL)
e014	NeuropixelsImec0	3.4	-0.774	-2.02	n/a	n/a	NeuropixelsImec0	prelimbic cortex (PrL)
e015	NeuropixelsImec0	3.4	-0.742	-2.02	n/a	n/a	NeuropixelsImec0	prelimbic cortex (PrL)
e016	NeuropixelsImec0	3.4	-0.758	-2.0	n/a	n/a	NeuropixelsImec0	anterior cingulate cortex (Cg1)
e017	NeuropixelsImec0	3.4	-0.726	-2.0	n/a	n/a	NeuropixelsImec0	anterior cingulate cortex (Cg1)
e018	NeuropixelsImec0	3.4	-0.774	-1.98	n/a	n/a	NeuropixelsImec0	anterior cingulate cortex (Cg1)
e019	NeuropixelsImec0	3.4	-0.742	-1.98	n/a	n/a	NeuropixelsImec0	anterior cingulate cortex (Cg1)
e020	NeuropixelsImec0	3.4	-0.758	-1.96	n/a	n/a	NeuropixelsImec0	anterior cingulate cortex (Cg1)
e021	NeuropixelsImec0	3.4	-0.726	-1.96	n/a	n/a	NeuropixelsImec0	anterior cingulate cortex (Cg1)
e022	NeuropixelsImec0	3.4	-0.774	-1.94	n/a	n/a	NeuropixelsImec0	anterior cingulate cortex (Cg1)
e023	NeuropixelsImec0	3.4	-0.742	-1.94	n/a	n/a	NeuropixelsImec0	anterior cingulate cortex (Cg1)
e024	NeuropixelsImec0	3.4	-0.758	-1.92	n/a	n/a	NeuropixelsImec0	anterior cingulate cortex (Cg1)
e025	NeuropixelsImec0	3.4	-0.726	-1.92	n/a	n/a	NeuropixelsImec0	anterior cingulate cortex (Cg1)
e026	NeuropixelsImec0	3.4	-0.774	-1.9	n/a	n/a	NeuropixelsImec0	anterior cingulate cortex (Cg1)
e027	NeuropixelsImec0	3.4	-0.742	-1.9	n/a	n/a	NeuropixelsImec0	anterior cingulate cortex (Cg1)
e028	NeuropixelsImec0	3.4	-0.758	-1.88	n/a	n/a	NeuropixelsImec0	anterior cingulate cortex (Cg1)
e029	NeuropixelsImec0	3.4	-0.726	-1.88	n/a	n/a	NeuropixelsImec0	anterior cingulate cortex (Cg1)
e030	NeuropixelsImec0	3.4	-0.774	-1.86	n/a	n/a	NeuropixelsImec0	anterior cingulate cortex (Cg1)
e031	NeuropixelsImec0	3.4	-0.742	-1.86	n/a	n/a	NeuropixelsImec0	anterior cingulate cortex (Cg1)
e032	NeuropixelsImec0	3.4	-0.758	-1.84	n/a	n/a	NeuropixelsImec0	anterior cingulate cortex (Cg1)
e033	NeuropixelsImec0	3.4	-0.726	-1.84	n/a	n/a	NeuropixelsImec0	anterior cingulate cortex (Cg1)
e034	NeuropixelsImec0	3.4	-0.774	-1.82	n/a	n/a	NeuropixelsImec0	anterior cingulate cortex (Cg1)
e035	NeuropixelsImec0	3.4	-0.742	-1.82	n/a	n/a	NeuropixelsImec0	anterior cingulate cortex (Cg1)
e036	NeuropixelsImec0	3.4	-0.758	-1.8	n/a	n/a	NeuropixelsImec0	anterior cingulate cortex (Cg1)
e037	NeuropixelsImec0	3.4	-0.726	-1.8	n/a	n/a	NeuropixelsImec0	anterior cingulate cortex (Cg1)
e038	NeuropixelsImec0	3.4	-0.774	-1.78	n/a	n/a	NeuropixelsImec0	anterior cingulate cortex (Cg1)
e039	NeuropixelsImec0	3.4	-0.742	-1.78	n/a	n/a	NeuropixelsImec0	anterior cingulate cortex (Cg1)
e040	NeuropixelsImec0	3.4	-0.758	-1.76	n/a	n/a	NeuropixelsImec0	anterior cingulate cortex (Cg1)
e041	NeuropixelsImec0	3.4	-0.726	-1.76	n/a	n/a	NeuropixelsImec0	anterior cingulate cortex (Cg1)
e042	NeuropixelsImec0	3.4	-0.774	-1.74	n/a	n/a	NeuropixelsImec0	anterior cingulate cortex (Cg1)
e043	NeuropixelsImec0	3.4	-0.742	-1.74	n/a	n/a	NeuropixelsImec0	anterior cingulate cortex (Cg1)
e044	NeuropixelsImec0	3.4	-0.758	-1.72	n/a	n/a	NeuropixelsImec0	anterior cingulate cortex (Cg1)
e045	NeuropixelsImec0	3.4	-0.726	-1.72	n/a	n/a	NeuropixelsImec0	anterior cingulate cortex (Cg1)
e046	NeuropixelsImec0	3.4	-0.774	-1.7	n/a	n/a	NeuropixelsImec0	anterior cingulate cortex (Cg1)
e047	NeuropixelsImec0	3.4	-0.742	-1.7	n/a	n/a	NeuropixelsImec0	anterior cingulate cortex (Cg1)
e048	NeuropixelsImec0	3.4	-0.758	-1.68	n/a	n/a	NeuropixelsImec0	anterior cingulate cortex (Cg1)
e049	NeuropixelsImec0	3.4	-0.726	-1.68	n/a	n/a	NeuropixelsImec0	anterior cingulate cortex (Cg1)
e050	NeuropixelsImec0	3.4	-0.774	-1.66	n/a	n/a	NeuropixelsImec0	anterior cingulate cortex (Cg1)
e051	NeuropixelsImec0	3.4	-0.742	-1.66	n/a	n/a	NeuropixelsImec0	anterior cingulate cortex (Cg1)
e052	NeuropixelsImec0	3.4	-0.758	-1.64	n/a	n/a	NeuropixelsImec0	anterior cingulate cortex (Cg1)
e053	NeuropixelsImec0	3.4	-0.726	-1.64	n/a	n/a	NeuropixelsImec0	anterior cingulate cortex (Cg1)
e054	NeuropixelsImec0	3.4	-0.774	-1.62	n/a	n/a	NeuropixelsImec0	anterior cingulate cortex (Cg1)
e055	NeuropixelsImec0	3.4	-0.742	-1.62	n/a	n/a	NeuropixelsImec0	anterior cingulate cortex (Cg1)
e056	NeuropixelsImec0	3.4	-0.758	-1.6	n/a	n/a	NeuropixelsImec0	anterior cingulate cortex (Cg1)
e057	NeuropixelsImec0	3.4	-0.726	-1.6	n/a	n/a	NeuropixelsImec0	anterior cingulate cortex (Cg1)
e058	NeuropixelsImec0	3.4	-0.774	-1.58	n/a	n/a	NeuropixelsImec0	anterior cingulate cortex (Cg1)
e059	NeuropixelsImec0	3.4	-0.742	-1.58	n/a	n/a	NeuropixelsImec0	anterior cingulate cortex (Cg1)
e060	NeuropixelsImec0	3.4	-0.758	-1.56	n/a	n/a	NeuropixelsImec0	anterior cingulate cortex (Cg1)
e061	NeuropixelsImec0	3.4	-0.726	-1.56	n/a	n/a	NeuropixelsImec0	anterior cingulate cortex (Cg1)
e062	NeuropixelsImec0	3.4	-0.774	-1.54	n/a	n/a	NeuropixelsImec0	anterior cingulate cortex (Cg1)
e063	NeuropixelsImec0	3.4	-0.742	-1.54	n/a	n/a	NeuropixelsImec0	anterior cingulate cortex (Cg1)
e064	NeuropixelsImec0	3.4	-0.758	-1.52	n/a	n/a	NeuropixelsImec0	anterior cingulate cortex (Cg1)
e065	NeuropixelsImec0	3.4	-0.726	-1.52	n/a	n/a	NeuropixelsImec0	anterior cingulate cortex (Cg1)
e066	NeuropixelsImec0	3.4	-0.774	-1.5	n/a	n/a	NeuropixelsImec0	anterior cingulate cortex (Cg1)
e067	NeuropixelsImec0	3.4	-0.742	-1.5	n/a	n/a	NeuropixelsImec0	anterior cingulate cortex (Cg1)
e068	NeuropixelsImec0	3.4	-0.758	-1.48	n/a	n/a	NeuropixelsImec0	anterior cingulate cortex (Cg1)
e069	NeuropixelsImec0	3.4	-0.726	-1.48	n/a	n/a	NeuropixelsImec0	anterior cingulate cortex (Cg1)
e070	NeuropixelsImec0	3.4	-0.774	-1.46	n/a	n/a	NeuropixelsImec0	anterior cingulate cortex (Cg1)
e071	NeuropixelsImec0	3.4	-0.742	-1.46	n/a	n/a	NeuropixelsImec0	anterior cingulate cortex (Cg1)
e072	NeuropixelsImec0	3.4	-0.758	-1.44	n/a	n/a	NeuropixelsImec0	anterior cingulate cortex (Cg1)
e073	NeuropixelsImec0	3.4	-0.726	-1.44	n/a	n/a	NeuropixelsImec0	anterior cingulate cortex (Cg1)
e074	NeuropixelsImec0	3.4	-0.774	-1.42	n/a	n/a	NeuropixelsImec0	anterior cingulate cortex (Cg1)
e075	NeuropixelsImec0	3.4	-0.742	-1.42	n/a	n/a	NeuropixelsImec0	anterior cingulate cortex (Cg1)
e076	NeuropixelsImec0	3.4	-0.758	-1.4	n/a	n/a	NeuropixelsImec0	anterior cingulate cortex (Cg1)
e077	NeuropixelsImec0	3.4	-0.726	-1.4	n/a	n/a	NeuropixelsImec0	anterior cingulate cortex (Cg1)
e078	NeuropixelsImec0	3.4	-0.774	-1.38	n/a	n/a	NeuropixelsImec0	anterior cingulate cortex (Cg1)
e079	NeuropixelsImec0	3.4	-0.742	-1.38	n/a	n/a	NeuropixelsImec0	anterior cingulate cortex (Cg1)
e080	NeuropixelsImec0	3.4	-0.758	-1.36	n/a	n/a	NeuropixelsImec0	anterior cingulate cortex (Cg1)
e081	NeuropixelsImec0	3.4	-0.726	-1.36	n/a	n/a	NeuropixelsImec0	anterior cingulate cortex (Cg1)
e082	NeuropixelsImec0	3.4	-0.774	-1.34	n/a	n/a	NeuropixelsImec0	anterior cingulate cortex (Cg1)
e083	NeuropixelsImec0	3.4	-0.742	-1.34	n/a	n/a	NeuropixelsImec0	anterior cingulate cortex (Cg1)
e084	NeuropixelsImec0	3.4	-0.758	-1.32	n/a	n/a	NeuropixelsImec0	anterior cingulate cortex (Cg1)
e085	NeuropixelsImec0	3.4	-0.726	-1.32	n/a	n/a	NeuropixelsImec0	anterior cingulate cortex (Cg1)
e086	NeuropixelsImec0	3.4	-0.774	-1.3	n/a	n/a	NeuropixelsImec0	anterior cingulate cortex (Cg1)
e087	NeuropixelsImec0	3.4	-0.742	-1.3	n/a	n/a	NeuropixelsImec0	anterior cingulate cortex (Cg1)
e088	NeuropixelsImec0	3.4	-0.758	-1.28	n/a	n/a	NeuropixelsImec0	anterior cingulate cortex (Cg1)
e089	NeuropixelsImec0	3.4	-0.726	-1.28	n/a	n/a	NeuropixelsImec0	anterior cingulate cortex (Cg1)
e090	NeuropixelsImec0	3.4	-0.774	-1.26	n/a	n/a	NeuropixelsImec0	anterior cingulate cortex (Cg1)
e091	NeuropixelsImec0	3.4	-0.742	-1.26	n/a	n/a	NeuropixelsImec0	anterior cingulate cortex (Cg1)
e092	NeuropixelsImec0	3.4	-0.758	-1.24	n/a	n/a	NeuropixelsImec0	anterior cingulate cortex (Cg1)
e093	NeuropixelsImec0	3.4	-0.726	-1.24	n/a	n/a	NeuropixelsImec0	anterior cingulate cortex (Cg1)
e094	NeuropixelsImec0	3.4	-0.774	-1.22	n/a	n/a	NeuropixelsImec0	anterior cingulate cortex (Cg1)
e095	NeuropixelsImec0	3.4	-0.742	-1.22	n/a	n/a	NeuropixelsImec0	anterior cingulate cortex (Cg1)
e096	NeuropixelsImec0	3.4	-0.758	-1.2	n/a	n/a	NeuropixelsImec0	anterior cingulate cortex (Cg1)
e097	NeuropixelsImec0	3.4	-0.726	-1.2	n/a	n/a	NeuropixelsImec0	anterior cingulate cortex (Cg1)
e098	NeuropixelsImec0	3.4	-0.774	-1.18	n/a	n/a	NeuropixelsImec0	anterior cingulate cortex (Cg1)
e099	NeuropixelsImec0	3.4	-0.742	-1.18	n/a	n/a	NeuropixelsImec0	anterior cingulate cortex (Cg1)
e100	NeuropixelsImec0	3.4	-0.758	-1.16	n/a	n/a	NeuropixelsImec0	anterior cingulate cortex (Cg1)
e101	NeuropixelsImec0	3.4	-0.726	-1.16	n/a	n/a	NeuropixelsImec0	anterior cingulate cortex (Cg1)
e102	NeuropixelsImec0	3.4	-0.774	-1.14	n/a	n/a	NeuropixelsImec0	anterior cingulate cortex (Cg1)
e103	NeuropixelsImec0	3.4	-0.742	-1.14	n/a	n/a	NeuropixelsImec0	anterior cingulate cortex (Cg1)
e104	NeuropixelsImec0	3.4	-0.758	-1.12	n/a	n/a	NeuropixelsImec0	anterior cingulate cortex (Cg1)
e105	NeuropixelsImec0	3.4	-0.726	-1.12	n/a	n/a	NeuropixelsImec0	anterior cingulate cortex (Cg1)
e106	NeuropixelsImec0	3.4	-0.774	-1.1	n/a	n/a	NeuropixelsImec0	anterior cingulate cortex (Cg1)
e107	NeuropixelsImec0	3.4	-0.742	-1.1	n/a	n/a	NeuropixelsImec0	anterior cingulate cortex (Cg1)
e108	NeuropixelsImec0	3.4	-0.758	-1.08	n/a	n/a	NeuropixelsImec0	anterior cingulate cortex (Cg1)
e109	NeuropixelsImec0	3.4	-0.726	-1.08	n/a	n/a	NeuropixelsImec0	anterior cingulate cortex (Cg1)
e110	NeuropixelsImec0	3.4	-0.774	-1.06	n/a	n/a	NeuropixelsImec0	anterior cingulate cortex (Cg1)
e111	NeuropixelsImec0	3.4	-0.742	-1.06	n/a	n/a	NeuropixelsImec0	anterior cingulate cortex (Cg1)
e112	NeuropixelsImec0	3.4	-0.758	-1.04	n/a	n/a	NeuropixelsImec0	anterior cingulate cortex (Cg1)
e113	NeuropixelsImec0	3.4	-0.726	-1.04	n/a	n/a	NeuropixelsImec0	anterior cingulate cortex (Cg1)
e114	NeuropixelsImec0	3.4	-0.774	-1.02	n/a	n/a	NeuropixelsImec0	anterior cingulate cortex (Cg1)
e115	NeuropixelsImec0	3.4	-0.742	-1.02	n/a	n/a	NeuropixelsImec0	anterior cingulate cortex (Cg1)
e116	NeuropixelsImec0	3.4	-0.758	-1.0	n/a	n/a	NeuropixelsImec0	anterior cingulate cortex (Cg1)
e117	NeuropixelsImec0	3.4	-0.726	-1.0	n/a	n/a	NeuropixelsImec0	anterior cingulate cortex (Cg1)
e118	NeuropixelsImec0	3.4	-0.774	-0.98	n/a	n/a	NeuropixelsImec0	anterior cingulate cortex (Cg1)
e119	NeuropixelsImec0	3.4	-0.742	-0.98	n/a	n/a	NeuropixelsImec0	anterior cingulate cortex (Cg1)
e120	NeuropixelsImec0	3.4	-0.758	-0.96	n/a	n/a	NeuropixelsImec0	anterior cingulate cortex (Cg1)
e121	NeuropixelsImec0	3.4	-0.726	-0.96	n/a	n/a	NeuropixelsImec0	anterior cingulate cortex (Cg1)
e122	NeuropixelsImec0	3.4	-0.774	-0.94	n/a	n/a	NeuropixelsImec0	anterior cingulate cortex (Cg1)
e123	NeuropixelsImec0	3.4	-0.742	-0.94	n/a	n/a	NeuropixelsImec0	anterior cingulate cortex (Cg1)
e124	NeuropixelsImec0	3.4	-0.758	-0.92	n/a	n/a	NeuropixelsImec0	anterior cingulate cortex (Cg1)
e125	NeuropixelsImec0	3.4	-0.726	-0.92	n/a	n/a	NeuropixelsImec0	anterior cingulate cortex (Cg1)
e126	NeuropixelsImec0	3.4	-0.774	-0.9	n/a	n/a	NeuropixelsImec0	anterior cingulate cortex (Cg1)
e127	NeuropixelsImec0	3.4	-0.742	-0.9	n/a	n/a	NeuropixelsImec0	anterior cingulate cortex (Cg1)
e128	NeuropixelsImec0	3.4	-0.758	-0.88	n/a	n/a	NeuropixelsImec0	anterior cingulate cortex (Cg1)
e129	NeuropixelsImec0	3.4	-0.726	-0.88	n/a	n/a	NeuropixelsImec0	anterior cingulate cortex (Cg1)
e130	NeuropixelsImec0	3.4	-0.774	-0.86	n/a	n/a	NeuropixelsImec0	anterior cingulate cortex (Cg1)
e131	NeuropixelsImec0	3.4	-0.742	-0.86	n/a	n/a	NeuropixelsImec0	anterior cingulate cortex (Cg1)
e132	NeuropixelsImec0	3.4	-0.758	-0.84	n/a	n/a	NeuropixelsImec0	anterior cingulate cortex (Cg1)
e133	NeuropixelsImec0	3.4	-0.726	-0.84	n/a	n/a	NeuropixelsImec0	anterior cingulate cortex (Cg1)
e134	NeuropixelsImec0	3.4	-0.774	-4.66	n/a	n/a	NeuropixelsImec0	infralimbic cortex (IL)
e135	NeuropixelsImec0	3.4	-0.742	-4.66	n/a	n/a	NeuropixelsImec0	infralimbic cortex (IL)
e136	NeuropixelsImec0	3.4	-0.758	-4.64	n/a	n/a	NeuropixelsImec0	infralimbic cortex (IL)
e137	NeuropixelsImec0	3.4	-0.726	-4.64	n/a	n/a	NeuropixelsImec0	infralimbic cortex (IL)
e138	NeuropixelsImec0	3.4	-0.774	-4.62	n/a	n/a	NeuropixelsImec0	infralimbic cortex (IL)
e139	NeuropixelsImec0	3.4	-0.742	-4.62	n/a	n/a	NeuropixelsImec0	infralimbic cortex (IL)
e140	NeuropixelsImec0	3.4	-0.758	-4.6	n/a	n/a	NeuropixelsImec0	infralimbic cortex (IL)
e141	NeuropixelsImec0	3.4	-0.726	-4.6	n/a	n/a	NeuropixelsImec0	infralimbic cortex (IL)
e142	NeuropixelsImec0	3.4	-0.774	-4.58	n/a	n/a	NeuropixelsImec0	infralimbic cortex (IL)
e143	NeuropixelsImec0	3.4	-0.742	-4.58	n/a	n/a	NeuropixelsImec0	infralimbic cortex (IL)
e144	NeuropixelsImec0	3.4	-0.758	-4.56	n/a	n/a	NeuropixelsImec0	infralimbic cortex (IL)
e145	NeuropixelsImec0	3.4	-0.726	-4.56	n/a	n/a	NeuropixelsImec0	infralimbic cortex (IL)
e146	NeuropixelsImec0	3.4	-0.774	-4.54	n/a	n/a	NeuropixelsImec0	infralimbic cortex (IL)
e147	NeuropixelsImec0	3.4	-0.742	-4.54	n/a	n/a	NeuropixelsImec0	infralimbic cortex (IL)
e148	NeuropixelsImec0	3.4	-0.758	-4.52	n/a	n/a	NeuropixelsImec0	infralimbic cortex (IL)
e149	NeuropixelsImec0	3.4	-0.726	-4.52	n/a	n/a	NeuropixelsImec0	infralimbic cortex (IL)
e150	NeuropixelsImec0	3.4	-0.774	-4.5	n/a	n/a	NeuropixelsImec0	infralimbic cortex (IL)
e151	NeuropixelsImec0	3.4	-0.742	-4.5	n/a	n/a	NeuropixelsImec0	infralimbic cortex (IL)
e152	NeuropixelsImec0	3.4	-0.758	-4.48	n/a	n/a	NeuropixelsImec0	infralimbic cortex (IL)
e153	NeuropixelsImec0	3.4	-0.726	-4.48	n/a	n/a	NeuropixelsImec0	infralimbic cortex (IL)
e154	NeuropixelsImec0	3.4	-0.774	-4.46	n/a	n/a	NeuropixelsImec0	infralimbic cortex (IL)
e155	NeuropixelsImec0	3.4	-0.742	-4.46	n/a	n/a	NeuropixelsImec0	infralimbic cortex (IL)
e156	NeuropixelsImec0	3.4	-0.758	-4.44	n/a	n/a	NeuropixelsImec0	infralimbic cortex (IL)
e157	NeuropixelsImec0	3.4	-0.726	-4.44	n/a	n/a	NeuropixelsImec0	infralimbic cortex (IL)
e158	NeuropixelsImec0	3.4	-0.774	-4.42	n/a	n/a	NeuropixelsImec0	infralimbic cortex (IL)
e159	NeuropixelsImec0	3.4	-0.742	-4.42	n/a	n/a	NeuropixelsImec0	infralimbic cortex (IL)
e160	NeuropixelsImec0	3.4	-0.758	-4.4	n/a	n/a	NeuropixelsImec0	infralimbic cortex (IL)
e161	NeuropixelsImec0	3.4	-0.726	-4.4	n/a	n/a	NeuropixelsImec0	infralimbic cortex (IL)
e162	NeuropixelsImec0	3.4	-0.774	-4.38	n/a	n/a	NeuropixelsImec0	infralimbic cortex (IL)
e163	NeuropixelsImec0	3.4	-0.742	-4.38	n/a	n/a	NeuropixelsImec0	infralimbic cortex (IL)
e164	NeuropixelsImec0	3.4	-0.758	-4.36	n/a	n/a	NeuropixelsImec0	infralimbic cortex (IL)
e165	NeuropixelsImec0	3.4	-0.726	-4.36	n/a	n/a	NeuropixelsImec0	infralimbic cortex (IL)
e166	NeuropixelsImec0	3.4	-0.774	-4.34	n/a	n/a	NeuropixelsImec0	infralimbic cortex (IL)
e167	NeuropixelsImec0	3.4	-0.742	-4.34	n/a	n/a	NeuropixelsImec0	infralimbic cortex (IL)
e168	NeuropixelsImec0	3.4	-0.758	-4.32	n/a	n/a	NeuropixelsImec0	infralimbic cortex (IL)
e169	NeuropixelsImec0	3.4	-0.726	-4.32	n/a	n/a	NeuropixelsImec0	infralimbic cortex (IL)
e170	NeuropixelsImec0	3.4	-0.774	-4.3	n/a	n/a	NeuropixelsImec0	infralimbic cortex (IL)
e171	NeuropixelsImec0	3.4	-0.742	-4.3	n/a	n/a	NeuropixelsImec0	infralimbic cortex (IL)
e172	NeuropixelsImec0	3.4	-0.758	-4.28	n/a	n/a	NeuropixelsImec0	infralimbic cortex (IL)
e173	NeuropixelsImec0	3.4	-0.726	-4.28	n/a	n/a	NeuropixelsImec0	infralimbic cortex (IL)
e174	NeuropixelsImec0	3.4	-0.774	-4.26	n/a	n/a	NeuropixelsImec0	infralimbic cortex (IL)
e175	NeuropixelsImec0	3.4	-0.742	-4.26	n/a	n/a	NeuropixelsImec0	infralimbic cortex (IL)
e176	NeuropixelsImec0	3.4	-0.758	-4.24	n/a	n/a	NeuropixelsImec0	infralimbic cortex (IL)
e177	NeuropixelsImec0	3.4	-0.726	-4.24	n/a	n/a	NeuropixelsImec0	infralimbic cortex (IL)
e178	NeuropixelsImec0	3.4	-0.774	-4.22	n/a	n/a	NeuropixelsImec0	infralimbic cortex (IL)
e179	NeuropixelsImec0	3.4	-0.742	-4.22	n/a	n/a	NeuropixelsImec0	infralimbic cortex (IL)
e180	NeuropixelsImec0	3.4	-0.758	-4.2	n/a	n/a	NeuropixelsImec0	infralimbic cortex (IL)
e181	NeuropixelsImec0	3.4	-0.726	-4.2	n/a	n/a	NeuropixelsImec0	infralimbic cortex (IL)
e182	NeuropixelsImec0	3.4	-0.774	-4.18	n/a	n/a	NeuropixelsImec0	infralimbic cortex (IL)
e183	NeuropixelsImec0	3.4	-0.742	-4.18	n/a	n/a	NeuropixelsImec0	infralimbic cortex (IL)
e184	NeuropixelsImec0	3.4	-0.758	-4.16	n/a	n/a	NeuropixelsImec0	infralimbic cortex (IL)
e185	NeuropixelsImec0	3.4	-0.726	-4.16	n/a	n/a	NeuropixelsImec0	infralimbic cortex (IL)
e186	NeuropixelsImec0	3.4	-0.774	-4.14	n/a	n/a	NeuropixelsImec0	infralimbic cortex (IL)
e187	NeuropixelsImec0	3.4	-0.742	-4.14	n/a	n/a	NeuropixelsImec0	infralimbic cortex (IL)
e188	NeuropixelsImec0	3.4	-0.758	-4.12	n/a	n/a	NeuropixelsImec0	infralimbic cortex (IL)
e189	NeuropixelsImec0	3.4	-0.726	-4.12	n/a	n/a	NeuropixelsImec0	infralimbic cortex (IL)
e190	NeuropixelsImec0	3.4	-0.774	-4.1	n/a	n/a	NeuropixelsImec0	infralimbic cortex (IL)
e191	NeuropixelsImec0	3.4	-0.742	-4.1	n/a	n/a	NeuropixelsImec0	infralimbic cortex (IL)
e192	NeuropixelsImec0	3.4	-0.758	-4.08	n/a	n/a	NeuropixelsImec0	infralimbic cortex (IL)
e193	NeuropixelsImec0	3.4	-0.726	-4.08	n/a	n/a	NeuropixelsImec0	infralimbic cortex (IL)
e194	NeuropixelsImec0	3.4	-0.774	-4.06	n/a	n/a	NeuropixelsImec0	infralimbic cortex (IL)
e195	NeuropixelsImec0	3.4	-0.742	-4.06	n/a	n/a	NeuropixelsImec0	infralimbic cortex (IL)
e196	NeuropixelsImec0	3.4	-0.758	-4.04	n/a	n/a	NeuropixelsImec0	infralimbic cortex (IL)
e197	NeuropixelsImec0	3.4	-0.726	-4.04	n/a	n/a	NeuropixelsImec0	infralimbic cortex (IL)
e198	NeuropixelsImec0	3.4	-0.774	-4.02	n/a	n/a	NeuropixelsImec0	infralimbic cortex (IL)
e199	NeuropixelsImec0	3.4	-0.742	-4.02	n/a	n/a	NeuropixelsImec0	infralimbic cortex (IL)
e200	NeuropixelsImec0	3.4	-0.758	-4.0	n/a	n/a	NeuropixelsImec0	infralimbic cortex (IL)
e201	NeuropixelsImec0	3.4	-0.726	-4.0	n/a	n/a	NeuropixelsImec0	infralimbic cortex (IL)
e202	NeuropixelsImec0	3.4	-0.774	-3.98	n/a	n/a	NeuropixelsImec0	infralimbic cortex (IL)
e203	NeuropixelsImec0	3.4	-0.742	-3.98	n/a	n/a	NeuropixelsImec0	infralimbic cortex (IL)
e204	NeuropixelsImec0	3.4	-0.758	-3.96	n/a	n/a	NeuropixelsImec0	infralimbic cortex (IL)
e205	NeuropixelsImec0	3.4	-0.726	-3.96	n/a	n/a	NeuropixelsImec0	infralimbic cortex (IL)
e206	NeuropixelsImec0	3.4	-0.774	-3.94	n/a	n/a	NeuropixelsImec0	infralimbic cortex (IL)
e207	NeuropixelsImec0	3.4	-0.742	-3.94	n/a	n/a	NeuropixelsImec0	infralimbic cortex (IL)
e208	NeuropixelsImec0	3.4	-0.758	-3.92	n/a	n/a	NeuropixelsImec0	infralimbic cortex (IL)
e209	NeuropixelsImec0	3.4	-0.726	-3.92	n/a	n/a	NeuropixelsImec0	infralimbic cortex (IL)
e210	NeuropixelsImec0	3.4	-0.774	-3.9	n/a	n/a	NeuropixelsImec0	infralimbic cortex (IL)
e211	NeuropixelsImec0	3.4	-0.742	-3.9	n/a	n/a	NeuropixelsImec0	infralimbic cortex (IL)
e212	NeuropixelsImec0	3.4	-0.758	-3.88	n/a	n/a	NeuropixelsImec0	infralimbic cortex (IL)
e213	NeuropixelsImec0	3.4	-0.726	-3.88	n/a	n/a	NeuropixelsImec0	infralimbic cortex (IL)
e214	NeuropixelsImec0	3.4	-0.774	-3.86	n/a	n/a	NeuropixelsImec0	infralimbic cortex (IL)
e215	NeuropixelsImec0	3.4	-0.742	-3.86	n/a	n/a	NeuropixelsImec0	infralimbic cortex (IL)
e216	NeuropixelsImec0	3.4	-0.758	-3.84	n/a	n/a	NeuropixelsImec0	infralimbic cortex (IL)
e217	NeuropixelsImec0	3.4	-0.726	-3.84	n/a	n/a	NeuropixelsImec0	infralimbic cortex (IL)
e218	NeuropixelsImec0	3.4	-0.774	-3.82	n/a	n/a	NeuropixelsImec0	infralimbic cortex (IL)
e219	NeuropixelsImec0	3.4	-0.742	-3.82	n/a	n/a	NeuropixelsImec0	infralimbic cortex (IL)
e220	NeuropixelsImec0	3.4	-0.758	-3.8	n/a	n/a	NeuropixelsImec0	infralimbic cortex (IL)
e221	NeuropixelsImec0	3.4	-0.726	-3.8	n/a	n/a	NeuropixelsImec0	infralimbic cortex (IL)
e222	NeuropixelsImec0	3.4	-0.774	-3.78	n/a	n/a	NeuropixelsImec0	infralimbic cortex (IL)
e223	NeuropixelsImec0	3.4	-0.742	-3.78	n/a	n/a	NeuropixelsImec0	infralimbic cortex (IL)
e224	NeuropixelsImec0	3.4	-0.758	-3.76	n/a	n/a	NeuropixelsImec0	infralimbic cortex (IL)
e225	NeuropixelsImec0	3.4	-0.726	-3.76	n/a	n/a	NeuropixelsImec0	infralimbic cortex (IL)
e226	NeuropixelsImec0	3.4	-0.774	-3.74	n/a	n/a	NeuropixelsImec0	infralimbic cortex (IL)
e227	NeuropixelsImec0	3.4	-0.742	-3.74	n/a	n/a	NeuropixelsImec0	infralimbic cortex (IL)
e228	NeuropixelsImec0	3.4	-0.758	-3.72	n/a	n/a	NeuropixelsImec0	infralimbic cortex (IL)
e229	NeuropixelsImec0	3.4	-0.726	-3.72	n/a	n/a	NeuropixelsImec0	infralimbic cortex (IL)
e230	NeuropixelsImec0	3.4	-0.774	-3.7	n/a	n/a	NeuropixelsImec0	prelimbic cortex (PrL)
e231	NeuropixelsImec0	3.4	-0.742	-3.7	n/a	n/a	NeuropixelsImec0	prelimbic cortex (PrL)
e232	NeuropixelsImec0	3.4	-0.758	-3.68	n/a	n/a	NeuropixelsImec0	prelimbic cortex (PrL)
e233	NeuropixelsImec0	3.4	-0.726	-3.68	n/a	n/a	NeuropixelsImec0	prelimbic cortex (PrL)
e234	NeuropixelsImec0	3.4	-0.774	-3.66	n/a	n/a	NeuropixelsImec0	prelimbic cortex (PrL)
e235	NeuropixelsImec0	3.4	-0.742	-3.66	n/a	n/a	NeuropixelsImec0	prelimbic cortex (PrL)
e236	NeuropixelsImec0	3.4	-0.758	-3.64	n/a	n/a	NeuropixelsImec0	prelimbic cortex (PrL)
e237	NeuropixelsImec0	3.4	-0.726	-3.64	n/a	n/a	NeuropixelsImec0	prelimbic cortex (PrL)
e238	NeuropixelsImec0	3.4	-0.774	-3.62	n/a	n/a	NeuropixelsImec0	prelimbic cortex (PrL)
e239	NeuropixelsImec0	3.4	-0.742	-3.62	n/a	n/a	NeuropixelsImec0	prelimbic cortex (PrL)
e240	NeuropixelsImec0	3.4	-0.758	-3.6	n/a	n/a	NeuropixelsImec0	prelimbic cortex (PrL)
e241	NeuropixelsImec0	3.4	-0.726	-3.6	n/a	n/a	NeuropixelsImec0	prelimbic cortex (PrL)
e242	NeuropixelsImec0	3.4	-0.774	-3.58	n/a	n/a	NeuropixelsImec0	prelimbic cortex (PrL)
e243	NeuropixelsImec0	3.4	-0.742	-3.58	n/a	n/a	NeuropixelsImec0	prelimbic cortex (PrL)
e244	NeuropixelsImec0	3.4	-0.758	-3.56	n/a	n/a	NeuropixelsImec0	prelimbic cortex (PrL)
e245	NeuropixelsImec0	3.4	-0.726	-3.56	n/a	n/a	NeuropixelsImec0	prelimbic cortex (PrL)
e246	NeuropixelsImec0	3.4	-0.774	-3.54	n/a	n/a	NeuropixelsImec0	prelimbic cortex (PrL)
e247	NeuropixelsImec0	3.4	-0.742	-3.54	n/a	n/a	NeuropixelsImec0	prelimbic cortex (PrL)
e248	NeuropixelsImec0	3.4	-0.758	-3.52	n/a	n/a	NeuropixelsImec0	prelimbic cortex (PrL)
e249	NeuropixelsImec0	3.4	-0.726	-3.52	n/a	n/a	NeuropixelsImec0	prelimbic cortex (PrL)
e250	NeuropixelsImec0	3.4	-0.774	-3.5	n/a	n/a	NeuropixelsImec0	prelimbic cortex (PrL)
e251	NeuropixelsImec0	3.4	-0.742	-3.5	n/a	n/a	NeuropixelsImec0	prelimbic cortex (PrL)
e252	NeuropixelsImec0	3.4	-0.758	-3.48	n/a	n/a	NeuropixelsImec0	prelimbic cortex (PrL)
e253	NeuropixelsImec0	3.4	-0.726	-3.48	n/a	n/a	NeuropixelsImec0	prelimbic cortex (PrL)
e254	NeuropixelsImec0	3.4	-0.774	-3.46	n/a	n/a	NeuropixelsImec0	prelimbic cortex (PrL)
e255	NeuropixelsImec0	3.4	-0.742	-3.46	n/a	n/a	NeuropixelsImec0	prelimbic cortex (PrL)
e256	NeuropixelsImec0	3.4	-0.758	-3.44	n/a	n/a	NeuropixelsImec0	prelimbic cortex (PrL)
e257	NeuropixelsImec0	3.4	-0.726	-3.44	n/a	n/a	NeuropixelsImec0	prelimbic cortex (PrL)
e258	NeuropixelsImec0	3.4	-0.774	-3.42	n/a	n/a	NeuropixelsImec0	prelimbic cortex (PrL)
e259	NeuropixelsImec0	3.4	-0.742	-3.42	n/a	n/a	NeuropixelsImec0	prelimbic cortex (PrL)
e260	NeuropixelsImec0	3.4	-0.758	-3.4	n/a	n/a	NeuropixelsImec0	prelimbic cortex (PrL)
e261	NeuropixelsImec0	3.4	-0.726	-3.4	n/a	n/a	NeuropixelsImec0	prelimbic cortex (PrL)
e262	NeuropixelsImec0	3.4	-0.774	-3.38	n/a	n/a	NeuropixelsImec0	prelimbic cortex (PrL)
e263	NeuropixelsImec0	3.4	-0.742	-3.38	n/a	n/a	NeuropixelsImec0	prelimbic cortex (PrL)
e264	NeuropixelsImec0	3.4	-0.758	-3.36	n/a	n/a	NeuropixelsImec0	prelimbic cortex (PrL)
e265	NeuropixelsImec0	3.4	-0.726	-3.36	n/a	n/a	NeuropixelsImec0	prelimbic cortex (PrL)
e266	NeuropixelsImec0	3.4	-0.774	-3.34	n/a	n/a	NeuropixelsImec0	prelimbic cortex (PrL)
e267	NeuropixelsImec0	3.4	-0.742	-3.34	n/a	n/a	NeuropixelsImec0	prelimbic cortex (PrL)
e268	NeuropixelsImec0	3.4	-0.758	-3.32	n/a	n/a	NeuropixelsImec0	prelimbic cortex (PrL)
e269	NeuropixelsImec0	3.4	-0.726	-3.32	n/a	n/a	NeuropixelsImec0	prelimbic cortex (PrL)
e270	NeuropixelsImec0	3.4	-0.774	-3.3	n/a	n/a	NeuropixelsImec0	prelimbic cortex (PrL)
e271	NeuropixelsImec0	3.4	-0.742	-3.3	n/a	n/a	NeuropixelsImec0	prelimbic cortex (PrL)
e272	NeuropixelsImec0	3.4	-0.758	-3.28	n/a	n/a	NeuropixelsImec0	prelimbic cortex (PrL)
e273	NeuropixelsImec0	3.4	-0.726	-3.28	n/a	n/a	NeuropixelsImec0	prelimbic cortex (PrL)
e274	NeuropixelsImec0	3.4	-0.774	-3.26	n/a	n/a	NeuropixelsImec0	prelimbic cortex (PrL)
e275	NeuropixelsImec0	3.4	-0.742	-3.26	n/a	n/a	NeuropixelsImec0	prelimbic cortex (PrL)
e276	NeuropixelsImec0	3.4	-0.758	-3.24	n/a	n/a	NeuropixelsImec0	prelimbic cortex (PrL)
e277	NeuropixelsImec0	3.4	-0.726	-3.24	n/a	n/a	NeuropixelsImec0	prelimbic cortex (PrL)
e278	NeuropixelsImec0	3.4	-0.774	-3.22	n/a	n/a	NeuropixelsImec0	prelimbic cortex (PrL)
e279	NeuropixelsImec0	3.4	-0.742	-3.22	n/a	n/a	NeuropixelsImec0	prelimbic cortex (PrL)
e280	NeuropixelsImec0	3.4	-0.758	-3.2	n/a	n/a	NeuropixelsImec0	prelimbic cortex (PrL)
e281	NeuropixelsImec0	3.4	-0.726	-3.2	n/a	n/a	NeuropixelsImec0	prelimbic cortex (PrL)
e282	NeuropixelsImec0	3.4	-0.774	-3.18	n/a	n/a	NeuropixelsImec0	prelimbic cortex (PrL)
e283	NeuropixelsImec0	3.4	-0.742	-3.18	n/a	n/a	NeuropixelsImec0	prelimbic cortex (PrL)
e284	NeuropixelsImec0	3.4	-0.758	-3.16	n/a	n/a	NeuropixelsImec0	prelimbic cortex (PrL)
e285	NeuropixelsImec0	3.4	-0.726	-3.16	n/a	n/a	NeuropixelsImec0	prelimbic cortex (PrL)
e286	NeuropixelsImec0	3.4	-0.774	-3.14	n/a	n/a	NeuropixelsImec0	prelimbic cortex (PrL)
e287	NeuropixelsImec0	3.4	-0.742	-3.14	n/a	n/a	NeuropixelsImec0	prelimbic cortex (PrL)
e288	NeuropixelsImec0	3.4	-0.758	-3.12	n/a	n/a	NeuropixelsImec0	prelimbic cortex (PrL)
e289	NeuropixelsImec0	3.4	-0.726	-3.12	n/a	n/a	NeuropixelsImec0	prelimbic cortex (PrL)
e290	NeuropixelsImec0	3.4	-0.774	-3.1	n/a	n/a	NeuropixelsImec0	prelimbic cortex (PrL)
e291	NeuropixelsImec0	3.4	-0.742	-3.1	n/a	n/a	NeuropixelsImec0	prelimbic cortex (PrL)
e292	NeuropixelsImec0	3.4	-0.758	-3.08	n/a	n/a	NeuropixelsImec0	prelimbic cortex (PrL)
e293	NeuropixelsImec0	3.4	-0.726	-3.08	n/a	n/a	NeuropixelsImec0	prelimbic cortex (PrL)
e294	NeuropixelsImec0	3.4	-0.774	-3.06	n/a	n/a	NeuropixelsImec0	prelimbic cortex (PrL)
e295	NeuropixelsImec0	3.4	-0.742	-3.06	n/a	n/a	NeuropixelsImec0	prelimbic cortex (PrL)
e296	NeuropixelsImec0	3.4	-0.758	-3.04	n/a	n/a	NeuropixelsImec0	prelimbic cortex (PrL)
e297	NeuropixelsImec0	3.4	-0.726	-3.04	n/a	n/a	NeuropixelsImec0	prelimbic cortex (PrL)
e298	NeuropixelsImec0	3.4	-0.774	-3.02	n/a	n/a	NeuropixelsImec0	prelimbic cortex (PrL)
e299	NeuropixelsImec0	3.4	-0.742	-3.02	n/a	n/a	NeuropixelsImec0	prelimbic cortex (PrL)
e300	NeuropixelsImec0	3.4	-0.758	-3.0	n/a	n/a	NeuropixelsImec0	prelimbic cortex (PrL)
e301	NeuropixelsImec0	3.4	-0.726	-3.0	n/a	n/a	NeuropixelsImec0	prelimbic cortex (PrL)
e302	NeuropixelsImec0	3.4	-0.774	-2.98	n/a	n/a	NeuropixelsImec0	prelimbic cortex (PrL)
e303	NeuropixelsImec0	3.4	-0.742	-2.98	n/a	n/a	NeuropixelsImec0	prelimbic cortex (PrL)
e304	NeuropixelsImec0	3.4	-0.758	-2.96	n/a	n/a	NeuropixelsImec0	prelimbic cortex (PrL)
e305	NeuropixelsImec0	3.4	-0.726	-2.96	n/a	n/a	NeuropixelsImec0	prelimbic cortex (PrL)
e306	NeuropixelsImec0	3.4	-0.774	-2.94	n/a	n/a	NeuropixelsImec0	prelimbic cortex (PrL)
e307	NeuropixelsImec0	3.4	-0.742	-2.94	n/a	n/a	NeuropixelsImec0	prelimbic cortex (PrL)
e308	NeuropixelsImec0	3.4	-0.758	-2.92	n/a	n/a	NeuropixelsImec0	prelimbic cortex (PrL)
e309	NeuropixelsImec0	3.4	-0.726	-2.92	n/a	n/a	NeuropixelsImec0	prelimbic cortex (PrL)
e310	NeuropixelsImec0	3.4	-0.774	-2.9	n/a	n/a	NeuropixelsImec0	prelimbic cortex (PrL)
e311	NeuropixelsImec0	3.4	-0.742	-2.9	n/a	n/a	NeuropixelsImec0	prelimbic cortex (PrL)
e312	NeuropixelsImec0	3.4	-0.758	-2.88	n/a	n/a	NeuropixelsImec0	prelimbic cortex (PrL)
e313	NeuropixelsImec0	3.4	-0.726	-2.88	n/a	n/a	NeuropixelsImec0	prelimbic cortex (PrL)
e314	NeuropixelsImec0	3.4	-0.774	-2.86	n/a	n/a	NeuropixelsImec0	prelimbic cortex (PrL)
e315	NeuropixelsImec0	3.4	-0.742	-2.86	n/a	n/a	NeuropixelsImec0	prelimbic cortex (PrL)
e316	NeuropixelsImec0	3.4	-0.758	-2.84	n/a	n/a	NeuropixelsImec0	prelimbic cortex (PrL)
e317	NeuropixelsImec0	3.4	-0.726	-2.84	n/a	n/a	NeuropixelsImec0	prelimbic cortex (PrL)
e318	NeuropixelsImec0	3.4	-0.774	-2.82	n/a	n/a	NeuropixelsImec0	prelimbic cortex (PrL)
e319	NeuropixelsImec0	3.4	-0.742	-2.82	n/a	n/a	NeuropixelsImec0	prelimbic cortex (PrL)
e320	NeuropixelsImec0	3.4	-0.758	-2.8	n/a	n/a	NeuropixelsImec0	prelimbic cortex (PrL)
e321	NeuropixelsImec0	3.4	-0.726	-2.8	n/a	n/a	NeuropixelsImec0	prelimbic cortex (PrL)
e322	NeuropixelsImec0	3.4	-0.774	-2.78	n/a	n/a	NeuropixelsImec0	prelimbic cortex (PrL)
e323	NeuropixelsImec0	3.4	-0.742	-2.78	n/a	n/a	NeuropixelsImec0	prelimbic cortex (PrL)
e324	NeuropixelsImec0	3.4	-0.758	-2.76	n/a	n/a	NeuropixelsImec0	prelimbic cortex (PrL)
e325	NeuropixelsImec0	3.4	-0.726	-2.76	n/a	n/a	NeuropixelsImec0	prelimbic cortex (PrL)
e326	NeuropixelsImec0	3.4	-0.774	-2.74	n/a	n/a	NeuropixelsImec0	prelimbic cortex (PrL)
e327	NeuropixelsImec0	3.4	-0.742	-2.74	n/a	n/a	NeuropixelsImec0	prelimbic cortex (PrL)
e328	NeuropixelsImec0	3.4	-0.758	-2.72	n/a	n/a	NeuropixelsImec0	prelimbic cortex (PrL)
e329	NeuropixelsImec0	3.4	-0.726	-2.72	n/a	n/a	NeuropixelsImec0	prelimbic cortex (PrL)
e330	NeuropixelsImec0	3.4	-0.774	-2.7	n/a	n/a	NeuropixelsImec0	prelimbic cortex (PrL)
e331	NeuropixelsImec0	3.4	-0.742	-2.7	n/a	n/a	NeuropixelsImec0	prelimbic cortex (PrL)
e332	NeuropixelsImec0	3.4	-0.758	-2.68	n/a	n/a	NeuropixelsImec0	prelimbic cortex (PrL)
e333	NeuropixelsImec0	3.4	-0.726	-2.68	n/a	n/a	NeuropixelsImec0	prelimbic cortex (PrL)
e334	NeuropixelsImec0	3.4	-0.774	-2.66	n/a	n/a	NeuropixelsImec0	prelimbic cortex (PrL)
e335	NeuropixelsImec0	3.4	-0.742	-2.66	n/a	n/a	NeuropixelsImec0	prelimbic cortex (PrL)
e336	NeuropixelsImec0	3.4	-0.758	-2.64	n/a	n/a	NeuropixelsImec0	prelimbic cortex (PrL)
e337	NeuropixelsImec0	3.4	-0.726	-2.64	n/a	n/a	NeuropixelsImec0	prelimbic cortex (PrL)
e338	NeuropixelsImec0	3.4	-0.774	-2.62	n/a	n/a	NeuropixelsImec0	prelimbic cortex (PrL)
e339	NeuropixelsImec0	3.4	-0.742	-2.62	n/a	n/a	NeuropixelsImec0	prelimbic cortex (PrL)
e340	NeuropixelsImec0	3.4	-0.758	-2.6	n/a	n/a	NeuropixelsImec0	prelimbic cortex (PrL)
e341	NeuropixelsImec0	3.4	-0.726	-2.6	n/a	n/a	NeuropixelsImec0	prelimbic cortex (PrL)
e342	NeuropixelsImec0	3.4	-0.774	-2.58	n/a	n/a	NeuropixelsImec0	prelimbic cortex (PrL)
e343	NeuropixelsImec0	3.4	-0.742	-2.58	n/a	n/a	NeuropixelsImec0	prelimbic cortex (PrL)
e344	NeuropixelsImec0	3.4	-0.758	-2.56	n/a	n/a	NeuropixelsImec0	prelimbic cortex (PrL)
e345	NeuropixelsImec0	3.4	-0.726	-2.56	n/a	n/a	NeuropixelsImec0	prelimbic cortex (PrL)
e346	NeuropixelsImec0	3.4	-0.774	-2.54	n/a	n/a	NeuropixelsImec0	prelimbic cortex (PrL)
e347	NeuropixelsImec0	3.4	-0.742	-2.54	n/a	n/a	NeuropixelsImec0	prelimbic cortex (PrL)
e348	NeuropixelsImec0	3.4	-0.758	-2.52	n/a	n/a	NeuropixelsImec0	prelimbic cortex (PrL)
e349	NeuropixelsImec0	3.4	-0.726	-2.52	n/a	n/a	NeuropixelsImec0	prelimbic cortex (PrL)
e350	NeuropixelsImec0	3.4	-0.774	-2.5	n/a	n/a	NeuropixelsImec0	prelimbic cortex (PrL)
e351	NeuropixelsImec0	3.4	-0.742	-2.5	n/a	n/a	NeuropixelsImec0	prelimbic cortex (PrL)
e352	NeuropixelsImec0	3.4	-0.758	-2.48	n/a	n/a	NeuropixelsImec0	prelimbic cortex (PrL)
e353	NeuropixelsImec0	3.4	-0.726	-2.48	n/a	n/a	NeuropixelsImec0	prelimbic cortex (PrL)
e354	NeuropixelsImec0	3.4	-0.774	-2.46	n/a	n/a	NeuropixelsImec0	prelimbic cortex (PrL)
e355	NeuropixelsImec0	3.4	-0.742	-2.46	n/a	n/a	NeuropixelsImec0	prelimbic cortex (PrL)
e356	NeuropixelsImec0	3.4	-0.758	-2.44	n/a	n/a	NeuropixelsImec0	prelimbic cortex (PrL)
e357	NeuropixelsImec0	3.4	-0.726	-2.44	n/a	n/a	NeuropixelsImec0	prelimbic cortex (PrL)
e358	NeuropixelsImec0	3.4	-0.774	-2.42	n/a	n/a	NeuropixelsImec0	prelimbic cortex (PrL)
e359	NeuropixelsImec0	3.4	-0.742	-2.42	n/a	n/a	NeuropixelsImec0	prelimbic cortex (PrL)
e360	NeuropixelsImec0	3.4	-0.758	-2.4	n/a	n/a	NeuropixelsImec0	prelimbic cortex (PrL)
e361	NeuropixelsImec0	3.4	-0.726	-2.4	n/a	n/a	NeuropixelsImec0	prelimbic cortex (PrL)
e362	NeuropixelsImec0	3.4	-0.774	-2.38	n/a	n/a	NeuropixelsImec0	prelimbic cortex (PrL)
e363	NeuropixelsImec0	3.4	-0.742	-2.38	n/a	n/a	NeuropixelsImec0	prelimbic cortex (PrL)
e364	NeuropixelsImec0	3.4	-0.758	-2.36	n/a	n/a	NeuropixelsImec0	prelimbic cortex (PrL)
e365	NeuropixelsImec0	3.4	-0.726	-2.36	n/a	n/a	NeuropixelsImec0	prelimbic cortex (PrL)
e366	NeuropixelsImec0	3.4	-0.774	-2.34	n/a	n/a	NeuropixelsImec0	prelimbic cortex (PrL)
e367	NeuropixelsImec0	3.4	-0.742	-2.34	n/a	n/a	NeuropixelsImec0	prelimbic cortex (PrL)
e368	NeuropixelsImec0	3.4	-0.758	-2.32	n/a	n/a	NeuropixelsImec0	prelimbic cortex (PrL)
e369	NeuropixelsImec0	3.4	-0.726	-2.32	n/a	n/a	NeuropixelsImec0	prelimbic cortex (PrL)
e370	NeuropixelsImec0	3.4	-0.774	-2.3	n/a	n/a	NeuropixelsImec0	prelimbic cortex (PrL)
e371	NeuropixelsImec0	3.4	-0.742	-2.3	n/a	n/a	NeuropixelsImec0	prelimbic cortex (PrL)
e372	NeuropixelsImec0	3.4	-0.758	-2.28	n/a	n/a	NeuropixelsImec0	prelimbic cortex (PrL)
e373	NeuropixelsImec0	3.4	-0.726	-2.28	n/a	n/a	NeuropixelsImec0	prelimbic cortex (PrL)
e374	NeuropixelsImec0	3.4	-0.774	-2.26	n/a	n/a	NeuropixelsImec0	prelimbic cortex (PrL)
e375	NeuropixelsImec0	3.4	-0.742	-2.26	n/a	n/a	NeuropixelsImec0	prelimbic cortex (PrL)
e376	NeuropixelsImec0	3.4	-0.758	-2.24	n/a	n/a	NeuropixelsImec0	prelimbic cortex (PrL)
e377	NeuropixelsImec0	3.4	-0.726	-2.24	n/a	n/a	NeuropixelsImec0	prelimbic cortex (PrL)
e378	NeuropixelsImec0	3.4	-0.774	-2.22	n/a	n/a	NeuropixelsImec0	prelimbic cortex (PrL)
e379	NeuropixelsImec0	3.4	-0.742	-2.22	n/a	n/a	NeuropixelsImec0	prelimbic cortex (PrL)
e380	NeuropixelsImec0	3.4	-0.758	-2.2	n/a	n/a	NeuropixelsImec0	prelimbic cortex (PrL)
e381	NeuropixelsImec0	3.4	-0.726	-2.2	n/a	n/a	NeuropixelsImec0	prelimbic cortex (PrL)
e382	NeuropixelsImec0	3.4	-0.774	-2.18	n/a	n/a	NeuropixelsImec0	prelimbic cortex (PrL)
e383	NeuropixelsImec0	3.4	-0.742	-2.18	n/a	n/a	NeuropixelsImec0	prelimbic cortex (PrL)
