name	electrode_name	type	units	sampling_frequency
AP0,LF0	e000	n/a	V	-1.0
AP1,LF1	e001	n/a	V	-1.0
AP2,LF2	e002	n/a	V	-1.0
AP3,LF3	e003	n/a	V	-1.0
AP4,LF4	e004	n/a	V	-1.0
AP5,LF5	e005	n/a	V	-1.0
AP6,LF6	e006	n/a	V	-1.0
AP7,LF7	e007	n/a	V	-1.0
AP8,LF8	e008	n/a	V	-1.0
AP9,LF9	e009	n/a	V	-1.0
AP10,LF10	e010	n/a	V	-1.0
AP11,LF11	e011	n/a	V	-1.0
AP12,LF12	e012	n/a	V	-1.0
AP13,LF13	e013	n/a	V	-1.0
AP14,LF14	e014	n/a	V	-1.0
AP15,LF15	e015	n/a	V	-1.0
AP16,LF16	e016	n/a	V	-1.0
AP17,LF17	e017	n/a	V	-1.0
AP18,LF18	e018	n/a	V	-1.0
AP19,LF19	e019	n/a	V	-1.0
AP20,LF20	e020	n/a	V	-1.0
AP21,LF21	e021	n/a	V	-1.0
AP22,LF22	e022	n/a	V	-1.0
AP23,LF23	e023	n/a	V	-1.0
AP24,LF24	e024	n/a	V	-1.0
AP25,LF25	e025	n/a	V	-1.0
AP26,LF26	e026	n/a	V	-1.0
AP27,LF27	e027	n/a	V	-1.0
AP28,LF28	e028	n/a	V	-1.0
AP29,LF29	e029	n/a	V	-1.0
AP30,LF30	e030	n/a	V	-1.0
AP31,LF31	e031	n/a	V	-1.0
AP32,LF32	e032	n/a	V	-1.0
AP33,LF33	e033	n/a	V	-1.0
AP34,LF34	e034	n/a	V	-1.0
AP35,LF35	e035	n/a	V	-1.0
AP36,LF36	e036	n/a	V	-1.0
AP37,LF37	e037	n/a	V	-1.0
AP38,LF38	e038	n/a	V	-1.0
AP39,LF39	e039	n/a	V	-1.0
AP40,LF40	e040	n/a	V	-1.0
AP41,LF41	e041	n/a	V	-1.0
AP42,LF42	e042	n/a	V	-1.0
AP43,LF43	e043	n/a	V	-1.0
AP44,LF44	e044	n/a	V	-1.0
AP45,LF45	e045	n/a	V	-1.0
AP46,LF46	e046	n/a	V	-1.0
AP47,LF47	e047	n/a	V	-1.0
AP48,LF48	e048	n/a	V	-1.0
AP49,LF49	e049	n/a	V	-1.0
AP50,LF50	e050	n/a	V	-1.0
AP51,LF51	e051	n/a	V	-1.0
AP52,LF52	e052	n/a	V	-1.0
AP53,LF53	e053	n/a	V	-1.0
AP54,LF54	e054	n/a	V	-1.0
AP55,LF55	e055	n/a	V	-1.0
AP56,LF56	e056	n/a	V	-1.0
AP57,LF57	e057	n/a	V	-1.0
AP58,LF58	e058	n/a	V	-1.0
AP59,LF59	e059	n/a	V	-1.0
AP60,LF60	e060	n/a	V	-1.0
AP61,LF61	e061	n/a	V	-1.0
AP62,LF62	e062	n/a	V	-1.0
AP63,LF63	e063	n/a	V	-1.0
AP64,LF64	e064	n/a	V	-1.0
AP65,LF65	e065	n/a	V	-1.0
AP66,LF66	e066	n/a	V	-1.0
AP67,LF67	e067	n/a	V	-1.0
AP68,LF68	e068	n/a	V	-1.0
AP69,LF69	e069	n/a	V	-1.0
AP70,LF70	e070	n/a	V	-1.0
AP71,LF71	e071	n/a	V	-1.0
AP72,LF72	e072	n/a	V	-1.0
AP73,LF73	e073	n/a	V	-1.0
AP74,LF74	e074	n/a	V	-1.0
AP75,LF75	e075	n/a	V	-1.0
AP76,LF76	e076	n/a	V	-1.0
AP77,LF77	e077	n/a	V	-1.0
AP78,LF78	e078	n/a	V	-1.0
AP79,LF79	e079	n/a	V	-1.0
AP80,LF80	e080	n/a	V	-1.0
AP81,LF81	e081	n/a	V	-1.0
AP82,LF82	e082	n/a	V	-1.0
AP83,LF83	e083	n/a	V	-1.0
AP84,LF84	e084	n/a	V	-1.0
AP85,LF85	e085	n/a	V	-1.0
AP86,LF86	e086	n/a	V	-1.0
AP87,LF87	e087	n/a	V	-1.0
AP88,LF88	e088	n/a	V	-1.0
AP89,LF89	e089	n/a	V	-1.0
AP90,LF90	e090	n/a	V	-1.0
AP91,LF91	e091	n/a	V	-1.0
AP92,LF92	e092	n/a	V	-1.0
AP93,LF93	e093	n/a	V	-1.0
AP94,LF94	e094	n/a	V	-1.0
AP95,LF95	e095	n/a	V	-1.0
AP96,LF96	e096	n/a	V	-1.0
AP97,LF97	e097	n/a	V	-1.0
AP98,LF98	e098	n/a	V	-1.0
AP99,LF99	e099	n/a	V	-1.0
AP100,LF100	e100	n/a	V	-1.0
AP101,LF101	e101	n/a	V	-1.0
AP102,LF102	e102	n/a	V	-1.0
AP103,LF103	e103	n/a	V	-1.0
AP104,LF104	e104	n/a	V	-1.0
AP105,LF105	e105	n/a	V	-1.0
AP106,LF106	e106	n/a	V	-1.0
AP107,LF107	e107	n/a	V	-1.0
AP108,LF108	e108	n/a	V	-1.0
AP109,LF109	e109	n/a	V	-1.0
AP110,LF110	e110	n/a	V	-1.0
AP111,LF111	e111	n/a	V	-1.0
AP112,LF112	e112	n/a	V	-1.0
AP113,LF113	e113	n/a	V	-1.0
AP114,LF114	e114	n/a	V	-1.0
AP115,LF115	e115	n/a	V	-1.0
AP116,LF116	e116	n/a	V	-1.0
AP117,LF117	e117	n/a	V	-1.0
AP118,LF118	e118	n/a	V	-1.0
AP119,LF119	e119	n/a	V	-1.0
AP120,LF120	e120	n/a	V	-1.0
AP121,LF121	e121	n/a	V	-1.0
AP122,LF122	e122	n/a	V	-1.0
AP123,LF123	e123	n/a	V	-1.0
AP124,LF124	e124	n/a	V	-1.0
AP125,LF125	e125	n/a	V	-1.0
AP126,LF126	e126	n/a	V	-1.0
AP127,LF127	e127	n/a	V	-1.0
AP128,LF128	e128	n/a	V	-1.0
AP129,LF129	e129	n/a	V	-1.0
AP130,LF130	e130	n/a	V	-1.0
AP131,LF131	e131	n/a	V	-1.0
AP132,LF132	e132	n/a	V	-1.0
AP133,LF133	e133	n/a	V	-1.0
AP134,LF134	e134	n/a	V	-1.0
AP135,LF135	e135	n/a	V	-1.0
AP136,LF136	e136	n/a	V	-1.0
AP137,LF137	e137	n/a	V	-1.0
AP138,LF138	e138	n/a	V	-1.0
AP139,LF139	e139	n/a	V	-1.0
AP140,LF140	e140	n/a	V	-1.0
AP141,LF141	e141	n/a	V	-1.0
AP142,LF142	e142	n/a	V	-1.0
AP143,LF143	e143	n/a	V	-1.0
AP144,LF144	e144	n/a	V	-1.0
AP145,LF145	e145	n/a	V	-1.0
AP146,LF146	e146	n/a	V	-1.0
AP147,LF147	e147	n/a	V	-1.0
AP148,LF148	e148	n/a	V	-1.0
AP149,LF149	e149	n/a	V	-1.0
AP150,LF150	e150	n/a	V	-1.0
AP151,LF151	e151	n/a	V	-1.0
AP152,LF152	e152	n/a	V	-1.0
AP153,LF153	e153	n/a	V	-1.0
AP154,LF154	e154	n/a	V	-1.0
AP155,LF155	e155	n/a	V	-1.0
AP156,LF156	e156	n/a	V	-1.0
AP157,LF157	e157	n/a	V	-1.0
AP158,LF158	e158	n/a	V	-1.0
AP159,LF159	e159	n/a	V	-1.0
AP160,LF160	e160	n/a	V	-1.0
AP161,LF161	e161	n/a	V	-1.0
AP162,LF162	e162	n/a	V	-1.0
AP163,LF163	e163	n/a	V	-1.0
AP164,LF164	e164	n/a	V	-1.0
AP165,LF165	e165	n/a	V	-1.0
AP166,LF166	e166	n/a	V	-1.0
AP167,LF167	e167	n/a	V	-1.0
AP168,LF168	e168	n/a	V	-1.0
AP169,LF169	e169	n/a	V	-1.0
AP170,LF170	e170	n/a	V	-1.0
AP171,LF171	e171	n/a	V	-1.0
AP172,LF172	e172	n/a	V	-1.0
AP173,LF173	e173	n/a	V	-1.0
AP174,LF174	e174	n/a	V	-1.0
AP175,LF175	e175	n/a	V	-1.0
AP176,LF176	e176	n/a	V	-1.0
AP177,LF177	e177	n/a	V	-1.0
AP178,LF178	e178	n/a	V	-1.0
AP179,LF179	e179	n/a	V	-1.0
AP180,LF180	e180	n/a	V	-1.0
AP181,LF181	e181	n/a	V	-1.0
AP182,LF182	e182	n/a	V	-1.0
AP183,LF183	e183	n/a	V	-1.0
AP184,LF184	e184	n/a	V	-1.0
AP185,LF185	e185	n/a	V	-1.0
AP186,LF186	e186	n/a	V	-1.0
AP187,LF187	e187	n/a	V	-1.0
AP188,LF188	e188	n/a	V	-1.0
AP189,LF189	e189	n/a	V	-1.0
AP190,LF190	e190	n/a	V	-1.0
AP191,LF191	e191	n/a	V	-1.0
AP192,LF192	e192	n/a	V	-1.0
AP193,LF193	e193	n/a	V	-1.0
AP194,LF194	e194	n/a	V	-1.0
AP195,LF195	e195	n/a	V	-1.0
AP196,LF196	e196	n/a	V	-1.0
AP197,LF197	e197	n/a	V	-1.0
AP198,LF198	e198	n/a	V	-1.0
AP199,LF199	e199	n/a	V	-1.0
AP200,LF200	e200	n/a	V	-1.0
AP201,LF201	e201	n/a	V	-1.0
AP202,LF202	e202	n/a	V	-1.0
AP203,LF203	e203	n/a	V	-1.0
AP204,LF204	e204	n/a	V	-1.0
AP205,LF205	e205	n/a	V	-1.0
AP206,LF206	e206	n/a	V	-1.0
AP207,LF207	e207	n/a	V	-1.0
AP208,LF208	e208	n/a	V	-1.0
AP209,LF209	e209	n/a	V	-1.0
AP210,LF210	e210	n/a	V	-1.0
AP211,LF211	e211	n/a	V	-1.0
AP212,LF212	e212	n/a	V	-1.0
AP213,LF213	e213	n/a	V	-1.0
AP214,LF214	e214	n/a	V	-1.0
AP215,LF215	e215	n/a	V	-1.0
AP216,LF216	e216	n/a	V	-1.0
AP217,LF217	e217	n/a	V	-1.0
AP218,LF218	e218	n/a	V	-1.0
AP219,LF219	e219	n/a	V	-1.0
AP220,LF220	e220	n/a	V	-1.0
AP221,LF221	e221	n/a	V	-1.0
AP222,LF222	e222	n/a	V	-1.0
AP223,LF223	e223	n/a	V	-1.0
AP224,LF224	e224	n/a	V	-1.0
AP225,LF225	e225	n/a	V	-1.0
AP226,LF226	e226	n/a	V	-1.0
AP227,LF227	e227	n/a	V	-1.0
AP228,LF228	e228	n/a	V	-1.0
AP229,LF229	e229	n/a	V	-1.0
AP230,LF230	e230	n/a	V	-1.0
AP231,LF231	e231	n/a	V	-1.0
AP232,LF232	e232	n/a	V	-1.0
AP233,LF233	e233	n/a	V	-1.0
AP234,LF234	e234	n/a	V	-1.0
AP235,LF235	e235	n/a	V	-1.0
AP236,LF236	e236	n/a	V	-1.0
AP237,LF237	e237	n/a	V	-1.0
AP238,LF238	e238	n/a	V	-1.0
AP239,LF239	e239	n/a	V	-1.0
AP240,LF240	e240	n/a	V	-1.0
AP241,LF241	e241	n/a	V	-1.0
AP242,LF242	e242	n/a	V	-1.0
AP243,LF243	e243	n/a	V	-1.0
AP244,LF244	e244	n/a	V	-1.0
AP245,LF245	e245	n/a	V	-1.0
AP246,LF246	e246	n/a	V	-1.0
AP247,LF247	e247	n/a	V	-1.0
AP248,LF248	e248	n/a	V	-1.0
AP249,LF249	e249	n/a	V	-1.0
AP250,LF250	e250	n/a	V	-1.0
AP251,LF251	e251	n/a	V	-1.0
AP252,LF252	e252	n/a	V	-1.0
AP253,LF253	e253	n/a	V	-1.0
AP254,LF254	e254	n/a	V	-1.0
AP255,LF255	e255	n/a	V	-1.0
AP256,LF256	e256	n/a	V	-1.0
AP257,LF257	e257	n/a	V	-1.0
AP258,LF258	e258	n/a	V	-1.0
AP259,LF259	e259	n/a	V	-1.0
AP260,LF260	e260	n/a	V	-1.0
AP261,LF261	e261	n/a	V	-1.0
AP262,LF262	e262	n/a	V	-1.0
AP263,LF263	e263	n/a	V	-1.0
AP264,LF264	e264	n/a	V	-1.0
AP265,LF265	e265	n/a	V	-1.0
AP266,LF266	e266	n/a	V	-1.0
AP267,LF267	e267	n/a	V	-1.0
AP268,LF268	e268	n/a	V	-1.0
AP269,LF269	e269	n/a	V	-1.0
AP270,LF270	e270	n/a	V	-1.0
AP271,LF271	e271	n/a	V	-1.0
AP272,LF272	e272	n/a	V	-1.0
AP273,LF273	e273	n/a	V	-1.0
AP274,LF274	e274	n/a	V	-1.0
AP275,LF275	e275	n/a	V	-1.0
AP276,LF276	e276	n/a	V	-1.0
AP277,LF277	e277	n/a	V	-1.0
AP278,LF278	e278	n/a	V	-1.0
AP279,LF279	e279	n/a	V	-1.0
AP280,LF280	e280	n/a	V	-1.0
AP281,LF281	e281	n/a	V	-1.0
AP282,LF282	e282	n/a	V	-1.0
AP283,LF283	e283	n/a	V	-1.0
AP284,LF284	e284	n/a	V	-1.0
AP285,LF285	e285	n/a	V	-1.0
AP286,LF286	e286	n/a	V	-1.0
AP287,LF287	e287	n/a	V	-1.0
AP288,LF288	e288	n/a	V	-1.0
AP289,LF289	e289	n/a	V	-1.0
AP290,LF290	e290	n/a	V	-1.0
AP291,LF291	e291	n/a	V	-1.0
AP292,LF292	e292	n/a	V	-1.0
AP293,LF293	e293	n/a	V	-1.0
AP294,LF294	e294	n/a	V	-1.0
AP295,LF295	e295	n/a	V	-1.0
AP296,LF296	e296	n/a	V	-1.0
AP297,LF297	e297	n/a	V	-1.0
AP298,LF298	e298	n/a	V	-1.0
AP299,LF299	e299	n/a	V	-1.0
AP300,LF300	e300	n/a	V	-1.0
AP301,LF301	e301	n/a	V	-1.0
AP302,LF302	e302	n/a	V	-1.0
AP303,LF303	e303	n/a	V	-1.0
AP304,LF304	e304	n/a	V	-1.0
AP305,LF305	e305	n/a	V	-1.0
AP306,LF306	e306	n/a	V	-1.0
AP307,LF307	e307	n/a	V	-1.0
AP308,LF308	e308	n/a	V	-1.0
AP309,LF309	e309	n/a	V	-1.0
AP310,LF310	e310	n/a	V	-1.0
AP311,LF311	e311	n/a	V	-1.0
AP312,LF312	e312	n/a	V	-1.0
AP313,LF313	e313	n/a	V	-1.0
AP314,LF314	e314	n/a	V	-1.0
AP315,LF315	e315	n/a	V	-1.0
AP316,LF316	e316	n/a	V	-1.0
AP317,LF317	e317	n/a	V	-1.0
AP318,LF318	e318	n/a	V	-1.0
AP319,LF319	e319	n/a	V	-1.0
AP320,LF320	e320	n/a	V	-1.0
AP321,LF321	e321	n/a	V	-1.0
AP322,LF322	e322	n/a	V	-1.0
AP323,LF323	e323	n/a	V	-1.0
AP324,LF324	e324	n/a	V	-1.0
AP325,LF325	e325	n/a	V	-1.0
AP326,LF326	e326	n/a	V	-1.0
AP327,LF327	e327	n/a	V	-1.0
AP328,LF328	e328	n/a	V	-1.0
AP329,LF329	e329	n/a	V	-1.0
AP330,LF330	e330	n/a	V	-1.0
AP331,LF331	e331	n/a	V	-1.0
AP332,LF332	e332	n/a	V	-1.0
AP333,LF333	e333	n/a	V	-1.0
AP334,LF334	e334	n/a	V	-1.0
AP335,LF335	e335	n/a	V	-1.0
AP336,LF336	e336	n/a	V	-1.0
AP337,LF337	e337	n/a	V	-1.0
AP338,LF338	e338	n/a	V	-1.0
AP339,LF339	e339	n/a	V	-1.0
AP340,LF340	e340	n/a	V	-1.0
AP341,LF341	e341	n/a	V	-1.0
AP342,LF342	e342	n/a	V	-1.0
AP343,LF343	e343	n/a	V	-1.0
AP344,LF344	e344	n/a	V	-1.0
AP345,LF345	e345	n/a	V	-1.0
AP346,LF346	e346	n/a	V	-1.0
AP347,LF347	e347	n/a	V	-1.0
AP348,LF348	e348	n/a	V	-1.0
AP349,LF349	e349	n/a	V	-1.0
AP350,LF350	e350	n/a	V	-1.0
AP351,LF351	e351	n/a	V	-1.0
AP352,LF352	e352	n/a	V	-1.0
AP353,LF353	e353	n/a	V	-1.0
AP354,LF354	e354	n/a	V	-1.0
AP355,LF355	e355	n/a	V	-1.0
AP356,LF356	e356	n/a	V	-1.0
AP357,LF357	e357	n/a	V	-1.0
AP358,LF358	e358	n/a	V	-1.0
AP359,LF359	e359	n/a	V	-1.0
AP360,LF360	e360	n/a	V	-1.0
AP361,LF361	e361	n/a	V	-1.0
AP362,LF362	e362	n/a	V	-1.0
AP363,LF363	e363	n/a	V	-1.0
AP364,LF364	e364	n/a	V	-1.0
AP365,LF365	e365	n/a	V	-1.0
AP366,LF366	e366	n/a	V	-1.0
AP367,LF367	e367	n/a	V	-1.0
AP368,LF368	e368	n/a	V	-1.0
AP369,LF369	e369	n/a	V	-1.0
AP370,LF370	e370	n/a	V	-1.0
AP371,LF371	e371	n/a	V	-1.0
AP372,LF372	e372	n/a	V	-1.0
AP373,LF373	e373	n/a	V	-1.0
AP374,LF374	e374	n/a	V	-1.0
AP375,LF375	e375	n/a	V	-1.0
AP376,LF376	e376	n/a	V	-1.0
AP377,LF377	e377	n/a	V	-1.0
AP378,LF378	e378	n/a	V	-1.0
AP379,LF379	e379	n/a	V	-1.0
AP380,LF380	e380	n/a	V	-1.0
AP381,LF381	e381	n/a	V	-1.0
AP382,LF382	e382	n/a	V	-1.0
AP383,LF383	e383	n/a	V	-1.0
